country,region,text,date,year,page,extracted_date,full_text
AUSTRALIA,Tasmania,"Legislative Series, 1925 (Austral. 5): 1926 8); 1929 (Austral. 6)",,,3,,"Legislative Series, 1925 (Austral. 5): 1926 8); 1929 (Austral. 6); "
AUSTRALIA,Tasmania,1934 (Austral. 8); 1935 (Austral. 8); 1936 (Austral. 5). See also various,,,3,,1934 (Austral. 8); 1935 (Austral. 8); 1936 (Austral. 5). See also various 
AUSTRALIA,Tasmania,"Orders in Council, 1925-1938. 2 Legislative Series, 1933 (Austral. 4)",,,3,,"Orders in Council, 1925-1938. 2 Legislative Series, 1933 (Austral. 4). "
AUSTRALIA,Tasmania,"Legislative Series, 1929 Austral. 2); amendments: 1934 (Austral. 13)",,,3,,"Legislative Series, 1929 Austral. 2); amendments: 1934 (Austral. 13); "
AUSTRALIA,Tasmania,"1936 (Austral. 8); see also Acts of 25th October, 1937, 20th December, 1937",,,3,,"1936 (Austral. 8); see also Acts of 25th October, 1937, 20th December, 1937, "
AUSTRALIA,Tasmania,"December, 1938",16.1.,1939,3,and 16th,"and 16th December, 1938. "
AUSTRALIA,Tasmania,1939—Indexes — 4 —,,,4,,1939—Indexes — 4 — 
AUSTRALIA,Western Australia,"An Act to amend the Workers' Compensation Act, No. 50 of 1938. Workers' Compensation Act Amendment Act, 1938. Austral. 1",31.1.,1939,4,Jan. 31,"Jan. 31 An Act to amend the Workers' Compensation Act, No. 50 of 1938. Workers' Compensation Act Amendment Act, 1938. Austral. 1 "
BELGIUM,,"Royal Order to amend and supplement the Royal Order of 14th April, to issue special regulations respecting painting by means of compressed air sprayers or spray painting. (Moniteur beige, 2nd February, 1939, No. 33, p. 533) Eel. 1",24.1.,1939,4,Jan. 24,"Jan. 24 Royal Order to amend and supplement the Royal Order of 14th April, to issue special regulations respecting painting by means of compressed air sprayers or spray painting. (Moniteur beige, 2nd February, 1939, No. 33, p. 533) Eel. 1 "
BELGIUM,,"Royal Order to issue general regulations concerning the measures to be taken for the purpose of protecting the health of salaried employees working in Industrial and commercial undertakings and likewise in services and establishments which are either public or of public utility. (Moniteur beige, 1st March, 1939, No. 60, p. 1315) Eel. 2",8.2.,1939,4,Feb. 8,"Feb. 8 Royal Order to issue general regulations concerning the measures to be taken for the purpose of protecting the health of salaried employees working in Industrial and commercial undertakings and likewise in services and establishments which are either public or of public utility. (Moniteur beige, 1st March, 1939, No. 60, p. 1315) Eel. 2 "
BELGIUM,,"Royal Order to amend the Royal Order of 12th March, 19256, issuing regulations for work in zinc works, and to extend the provisions of that Order to works engaged in the smelting or roasting of zinc or lead ores or the working up of lead-containing by-products of these operations. (Moniteur belge, 4th August, 1939, No. 216, p. 5441) Eel. 3",14.7.,1939,4,July 14,"July 14 Royal Order to amend the Royal Order of 12th March, 19256, issuing regulations for work in zinc works, and to extend the provisions of that Order to works engaged in the smelting or roasting of zinc or lead ores or the working up of lead-containing by-products of these operations. (Moniteur belge, 4th August, 1939, No. 216, p. 5441) Eel. 3 "
BELGIUM,,"Royal Order respecting the setting up of an Endowment Fund provide for war pensions, old age and widows' pension bonuses and orphans' allowances. (Moniteur beIge, 26th July, 1939, No. 207, p. 5197) French edition only: Eel. 5",22.7.,1939,4,July 22,"July 22 Royal Order respecting the setting up of an Endowment Fund provide for war pensions, old age and widows' pension bonuses and orphans' allowances. (Moniteur beIge, 26th July, 1939, No. 207, p. 5197) French edition only: Eel. 5 "
BELGIUM,,"Legislative Order to supplement the respecting the employment of unemployed persons on national defence work. (Moniteur beige, 3Oth-3lst October, 1939, Nos. 303-304. p. 7214) French edition only: Be!. 4",28.10.,1939,4,Oct. 28,"Oct. 28 Legislative Order to supplement the respecting the employment of unemployed persons on national defence work. (Moniteur beige, 3Oth-3lst October, 1939, Nos. 303-304. p. 7214) French edition only: Be!. 4 "
BOLIVIA,,"Supreme Decree to Issue the Labour Code. (Proteccion Social, March 1939, Vol. II, No. 14, p. 28) Bol. 1",26.5.,1939,4,May 26,"May 26 Supreme Decree to Issue the Labour Code. (Proteccion Social, March 1939, Vol. II, No. 14, p. 28) Bol. 1 "
BRAZIL,,"LegislatIve Decree No. 1237, to set up a system of labour courts. (Diario Oficial, 6th May, 1939, No. 103, p. 10,381) Braz. 1",2.5.,1939,4,May 2,"May 2 LegislatIve Decree No. 1237, to set up a system of labour courts. (Diario Oficial, 6th May, 1939, No. 103, p. 10,381) Braz. 1 "
BRAZIL,,"LegislatIve Decree No. 1346, to provide for the reorganisation of the National Labour CounciL (Diarlo Oficial, 17th June,. 1939. No. 139, p. 14,475) Extracts: Braz. 4",15.6.,1939,4,June 15,"June 15 LegislatIve Decree No. 1346, to provide for the reorganisation of the National Labour CounciL (Diarlo Oficial, 17th June,. 1939. No. 139, p. 14,475) Extracts: Braz. 4 "
BRAZIL,,"Legislative Decree No. 1395, to fix the normal hours of actual work of the crews of vessels of the national merchant service at eight hours a day. (Diarlo Oficlal, 3rd July, 1939, No. 152, p. 15,813) Eraz. 2",29.6.,1939,4,June 29,"June 29 Legislative Decree No. 1395, to fix the normal hours of actual work of the crews of vessels of the national merchant service at eight hours a day. (Diarlo Oficlal, 3rd July, 1939, No. 152, p. 15,813) Eraz. 2 "
BRAZIL,,"Legislative Decree No. 1402, to issue regulations governing in- dustrial associations. (Diario Oficial, 7th July, 1939, No. 156, p. 16,233) . Braz. 3",5.7.,1939,4,July 5,"July 5 Legislative Decree No. 1402, to issue regulations governing in- dustrial associations. (Diario Oficial, 7th July, 1939, No. 156, p. 16,233) . Braz. 3 "
BULGARIA,,"Order No. 42, to amend and supplement certain sections of Order No. 827, relating to conditions of employment in bakeries. (Gov- ernment Gazette, 10th May, 1939, No. 102) Bulg. 1",10.5.,1939,4,May 10,"May 10 Order No. 42, to amend and supplement certain sections of Order No. 827, relating to conditions of employment in bakeries. (Gov- ernment Gazette, 10th May, 1939, No. 102) Bulg. 1 "
BULGARIA,,"Legislative Series, 1925 (Austral. 2); 1927 (Austral. 10); 1935 (Austral. 1). Legislative Series, 1930 (Bel. 3). Legislative Series, 1925 (Bel. 4). — 5 — Indexes",,,4,,"'Legislative Series, 1925 (Austral. 2); 1927 (Austral. 10); 1935 (Austral. 1). Legislative Series, 1930 (Bel. 3). Legislative Series, 1925 (Bel. 4). — 5 — Indexes "
CHILE,,"Decree No. 573, to promulgate the definitive text of certain De- crees which provided for the establishment of the Superior Labour Council and governed its working. (Diario Oficial, 7th August, 1939, Vol. LXII, No. 18,435, p. 2102) Chile 1",15.7.,1939,5,July 15,"July 15 Decree No. 573, to promulgate the definitive text of certain De- crees which provided for the establishment of the Superior Labour Council and governed its working. (Diario Oficial, 7th August, 1939, Vol. LXII, No. 18,435, p. 2102) Chile 1 "
COLOMBIA,,"Decree No. 953, to amend Decree No. 1632 of to issue regulations under Act No. 53 of 1938 for the protection of maternity7. (Diario Oficial, 8th May, 1939, Vol. LXXV, No. 24,064, p. 384) CoL 1 (A)",29.4.,1939,5,Apr. 29,"Apr. 29 Decree No. 953, to amend Decree No. 1632 of to issue regulations under Act No. 53 of 1938 for the protection of maternity7. (Diario Oficial, 8th May, 1939, Vol. LXXV, No. 24,064, p. 384) CoL 1 (A) "
COLOMBIA,,"Sept. 5 Decree No. 1766, for the better interpretation of section 2 of De- cree No. 953 of 1939 [see above]. (Diario Oficial, 12th September, 1939, Vol. LXXV, No. 24,167, p. 773) Col. 1 (B)",,,5,,"Sept. 5 Decree No. 1766, for the better interpretation of section 2 of De- cree No. 953 of 1939 [see above]. (Diario Oficial, 12th September, 1939, Vol. LXXV, No. 24,167, p. 773) Col. 1 (B) "
DOMINICAN REPUBLIC,,"Act No. 183, respecting Sunday rest and the closing of establish- ments. (Gaceta Oficial, 9th December, 1939, Vol. LX, No. 5390, p. 3) Dom. 1",6.12.,1939,5,Dec. 6,"Dec. 6 Act No. 183, respecting Sunday rest and the closing of establish- ments. (Gaceta Oficial, 9th December, 1939, Vol. LX, No. 5390, p. 3) Dom. 1 "
EGYPT,,"Sept. 8 Act No. 104 of 1939, to prohibit the manufacture, sale, offering for sale and importation of matches containing white (yellow) phosphorus. (Journal officiel egyptien, 14th September, 1939, No. 97, p. 3) Egypt I",,,5,,"Sept. 8 Act No. 104 of 1939, to prohibit the manufacture, sale, offering for sale and importation of matches containing white (yellow) phosphorus. (Journal officiel egyptien, 14th September, 1939, No. 97, p. 3) Egypt I "
FINLAND,,"Act respecting holidays with pay for employees. No. 110. (Suo- men asetuskokoelma or Finlands forfattningssamling, 1939, p. 189) Fin. 1",21.4.,1939,5,Apr. 21,"Apr. 21 Act respecting holidays with pay for employees. No. 110. (Suo- men asetuskokoelma or Finlands forfattningssamling, 1939, p. 189) Fin. 1 "
FINLAND,,"Act respecting occupational diseases. No. 139. (Suomen asetusko- koelma or Finlands forfattningssamling, 1939, P. 276) Fin. 3",12.5.,1939,5,May 12,"May 12 Act respecting occupational diseases. No. 139. (Suomen asetusko- koelma or Finlands forfattningssamling, 1939, P. 276) Fin. 3 "
FINLAND,,"Act respecting holidays with pay for seamen. No. 164. (Suomen asetuskokoelma or Finlands farfattningssamling, 1939; p. 334) Fin.2",2.6.,1939,5,June 2,"June 2 Act respecting holidays with pay for seamen. No. 164. (Suomen asetuskokoelma or Finlands farfattningssamling, 1939; p. 334) Fin.2 "
FRANCE,,"Jan.13 Act respecting the position under labour legislation of caretakers on residential premises. (Journal officiel, 17th January, 1939, No. 14, p. 866). Fr. 1",,,5,,"Jan.13 Act respecting the position under labour legislation of caretakers on residential premises. (Journal officiel, 17th January, 1939, No. 14, p. 866). Fr. 1 "
FRANCE,,"Decrees respecting hours of work: (1) in underground coal mines; (2) in surface work at coal mines; (3) in underground potassium mines; in surface work at potassium mines; (5) in underground metalliferous or asphalt mines; (6) in surface work at metalliferous or asphalt mines. (Journal officiel, 25th February, 1939, No. 48, pp. 2603-2606) French edition only: Fr. 2 (A, B, C, D, E and F)",22.2.,1939,5,Feb. 22,"Feb. 22 Decrees respecting hours of work: (1) in underground coal mines; (2) in surface work at coal mines; (3) in underground potassium mines; in surface work at potassium mines; (5) in underground metalliferous or asphalt mines; (6) in surface work at metalliferous or asphalt mines. (Journal officiel, 25th February, 1939, No. 48, pp. 2603-2606) French edition only: Fr. 2 (A, B, C, D, E and F) "
FRANCE,,"Decree respecting conditions of employment in undertakings working for national defence. (Journal officiel, 21st March, 1939, No. 69, p. 3665) French edition only: Fr. 3 (A)",20.3.,1939,5,Mar. 20,"Mar. 20 Decree respecting conditions of employment in undertakings working for national defence. (Journal officiel, 21st March, 1939, No. 69, p. 3665) French edition only: Fr. 3 (A) "
FRANCE,,"Decree respecting the situation of insured persons called up for service with the colours. (Journal officiel, 19th April, 1939, No. 93, p. 5001) Fr. 4 (A) For these texts see under (C) and (D) of this brochure, S..- — 6 —",18.4.,1939,5,Apr. 18,"Apr. 18 Decree respecting the situation of insured persons called up for service with the colours. (Journal officiel, 19th April, 1939, No. 93, p. 5001) Fr. 4 (A) For these texts see under (C) and (D) of this brochure, S..- — 6 — "
FRANCE,,"Decree to lay down rules for the co-ordination of the insurance system for registered seamen and persons employed in general duties on board vessels with the general social insurance system. (Journal officiel, 24th-25th April, 1939, No. 98, P. 5303; errata: 6th May, 1939, No. 108, p. 5745). Fr. 7",20.4.,1939,6,Apr. 20,"Apr. 20 Decree to lay down rules for the co-ordination of the insurance system for registered seamen and persons employed in general duties on board vessels with the general social insurance system. (Journal officiel, 24th-25th April, 1939, No. 98, P. 5303; errata: 6th May, 1939, No. 108, p. 5745). Fr. 7 "
FRANCE,,"Decree to supplement the Decree of 20th March, 1939, respecting conditions of employment in undertakings working for national defence. (Journal officiel, 22nd April, 1939, No. 96, p. 5235; errata:. 26th April, 1939, No. 99, p. 5358) French edition only : Fr. 3 (B)",21.4.,1939,6,Apr. 21,"Apr. 21 Decree to supplement the Decree of 20th March, 1939, respecting conditions of employment in undertakings working for national defence. (Journal officiel, 22nd April, 1939, No. 96, p. 5235; errata:. 26th April, 1939, No. 99, p. 5358) French edition only : Fr. 3 (B) "
FRANCE,,"Decree respecting the regulation of employment. (Journal offi- ciel, 22nd April, 1939, No. 96, p. 5233; errata: 23rd April, 1939, No. 97, p. 5263) Fr. 5 (A)",21.4.,1939,6,Apr. 21,"Apr. 21 Decree respecting the regulation of employment. (Journal offi- ciel, 22nd April, 1939, No. 96, p. 5233; errata: 23rd April, 1939, No. 97, p. 5263) Fr. 5 (A) "
FRANCE,,"Decree respecting the engagement of employees. (Journal officiel, 22nd April, 1939, No. 96, p. 5234) Fr. 5 (B)",21.4.,1939,6,Apr. 21,"Apr. 21 Decree respecting the engagement of employees. (Journal officiel, 22nd April, 1939, No. 96, p. 5234) Fr. 5 (B) "
FRANCE,,"Decree to make provision for guaranteeing to men called to the colours the revival of their contracts of employment. (Journal officiel, 22nd April, 1939, No. 96, p. 5234; errata: 29th April, 1939, No. 102, p. 5486) Fr. 5 (C)",21.4.,1939,6,Apr. 21,"Apr. 21 Decree to make provision for guaranteeing to men called to the colours the revival of their contracts of employment. (Journal officiel, 22nd April, 1939, No. 96, p. 5234; errata: 29th April, 1939, No. 102, p. 5486) Fr. 5 (C) "
FRANCE,,"Decree respecting the regulation of employment in the mercan- tile marine. (Journal officiel, 23rd April, 1939, No. 97, p. 5262) Fr.6(A)",21.4.,1939,6,Apr. 21,"Apr. 21 Decree respecting the regulation of employment in the mercan- tile marine. (Journal officiel, 23rd April, 1939, No. 97, p. 5262) Fr.6(A) "
FRANCE,,"Decree under section 23 of the Legislative Decree of 28th October, 1935, respecting social insurance8, to lay down rules governing the insurance of wage-earning and salaried employees in mines, and of persons placed on the same footing, and also rules for the coordination of their insurance system with the general social insurance system. (Journal officiel, 13th May, 1939, No. 114, p. 6127) French edition only : Fr. 10",3.5.,1939,6,May 3,"May 3 Decree under section 23 of the Legislative Decree of 28th October, 1935, respecting social insurance8, to lay down rules governing the insurance of wage-earning and salaried employees in mines, and of persons placed on the same footing, and also rules for the coordination of their insurance system with the general social insurance system. (Journal officiel, 13th May, 1939, No. 114, p. 6127) French edition only : Fr. 10 "
FRANCE,,"Decree to consolidate the enactments relating to unemployment. and to amend certain of their provisions. (Journal officiel, 7th May, 1939, No. 109, p. 5795; errata: 11th May, 1939, No. 112, p. 5979, and 14th May, 1939, No. 115, p. 6179) Fr. 8 (A)",6.5.,1939,6,May 6,"May 6 Decree to consolidate the enactments relating to unemployment. and to amend certain of their provisions. (Journal officiel, 7th May, 1939, No. 109, p. 5795; errata: 11th May, 1939, No. 112, p. 5979, and 14th May, 1939, No. 115, p. 6179) Fr. 8 (A) "
FRANCE,,"Decree to issue regulations governing employment on railways and in other land transportation undertakings. (Journal officiel, 24th' May, 1939, No. 122, p. 6542) French edition only: Fr. 9 (A)",19.5.,1939,6,May 19,"May 19 Decree to issue regulations governing employment on railways and in other land transportation undertakings. (Journal officiel, 24th' May, 1939, No. 122, p. 6542) French edition only: Fr. 9 (A) "
FRANCE,,"Decree to further increase the benefits under the miners' pension system. (Journal officiel, 21st May, 1939, No. 120, p. 6444) Fr.11",20.5.,1939,6,May 20,"May 20 Decree to further increase the benefits under the miners' pension system. (Journal officiel, 21st May, 1939, No. 120, p. 6444) Fr.11 "
FRANCE,,"Decree to amend the Disciplinary and Penal Code for the Mer- cantile Marine9. (Journal officiel, 7th June, 1939, No. 133, p. 7144) Fr. 6 (B)",6.6.,1939,6,June 6,"June 6 Decree to amend the Disciplinary and Penal Code for the Mer- cantile Marine9. (Journal officiel, 7th June, 1939, No. 133, p. 7144) Fr. 6 (B) "
FRANCE,,"Decree respect'ing labour returns. (Journal officiel, 1st July, 1939, No. 154, p. 8343) Fr. 4 (B)",24.6.,1939,6,June 24,"June 24 Decree respect'ing labour returns. (Journal officiel, 1st July, 1939, No. 154, p. 8343) Fr. 4 (B) "
FRANCE,,"Decree to issue regulations governing employment in land trans- port undertakings. (Journal officiel, 9th July, 1939, No. 161, p. 8716) French edition only : Fr. 9 (B)",24.6.,1939,6,June 24,"June 24 Decree to issue regulations governing employment in land trans- port undertakings. (Journal officiel, 9th July, 1939, No. 161, p. 8716) French edition only : Fr. 9 (B) "
FRANCE,,"Decree respecting weekly rest. (Journal officiel, 25th June, 1939, No. 149, p. 7984) French edition only: Fr. 12 (A)",24.6.,1939,6,June 24,"June 24 Decree respecting weekly rest. (Journal officiel, 25th June, 1939, No. 149, p. 7984) French edition only: Fr. 12 (A) "
FRANCE,,"Act to amend the Second Book of the Labour Code by requiring persons who sell or hire machinery to provide the said machinery with safety devices for protection against' industrial accidents. (Journal officiel, 27th June, 1939, No. 150, p. 8062). French edition only : Fr. 12 (B)",24.6.,1939,6,June 24,"June 24 Act to amend the Second Book of the Labour Code by requiring persons who sell or hire machinery to provide the said machinery with safety devices for protection against' industrial accidents. (Journal officiel, 27th June, 1939, No. 150, p. 8062). French edition only : Fr. 12 (B) "
FRANCE,,"Decree to modify the second paragraph of section 56 of the Decree of 6th May, 1939 [see above], to consolidate the enactmumts re- lating to unemployment. (Journal off iciel, 29th. June, 1939, No. 152, p. 8209) Fr. 8 (B) Legislative Series, 1935 (Fr. 12). — 7 — 1939—Indexes",28.6.,1939,6,June 28,"June 28 Decree to modify the second paragraph of section 56 of the Decree of 6th May, 1939 [see above], to consolidate the enactmumts re- lating to unemployment. (Journal off iciel, 29th. June, 1939, No. 152, p. 8209) Fr. 8 (B) Legislative Series, 1935 (Fr. 12). — 7 — 1939—Indexes "
FRANCE,,"Act to amend section 43 (a) of the Second Book of the Labour Code in order to enable certain exhibitions, shows and fairs to remain open to the public seven days in the week. (Journal of- ficiel, 6th July, 1939, No. 158, p. 8567) French edition only: Fr. 12 (C)",3.7.,1939,7,July 3,"July 3 Act to amend section 43 (a) of the Second Book of the Labour Code in order to enable certain exhibitions, shows and fairs to remain open to the public seven days in the week. (Journal of- ficiel, 6th July, 1939, No. 158, p. 8567) French edition only: Fr. 12 (C) "
FRANCE,,"Decree to amend the Disciplinary and Penal Code for the Mer- cantile Marine9. (Journal officiel, 3rd August, 1939, No. 181, p. 9820) Fr. 6 (C)",29.7.,1939,7,July 29,"July 29 Decree to amend the Disciplinary and Penal Code for the Mer- cantile Marine9. (Journal officiel, 3rd August, 1939, No. 181, p. 9820) Fr. 6 (C) "
FRANCE,,"Sept. 1 Decree respecting conditions of (Journal officiel, 6th September, 1939, No. 211, p. 11,158; erratum: 9th September, 1939, No. 214, P. 11,228) Fr. 13 (A)",,,7,,"Sept. 1 Decree respecting conditions of (Journal officiel, 6th September, 1939, No. 211, p. 11,158; erratum: 9th September, 1939, No. 214, P. 11,228) Fr. 13 (A) "
FRANCE,,"Sept. 1 Decree respecting weekly rest. (Journal officiel, 6th September, 1939, No. 211, p. 11,160) Fr. 13 (B)",,,7,,"Sept. 1 Decree respecting weekly rest. (Journal officiel, 6th September, 1939, No. 211, p. 11,160) Fr. 13 (B) "
FRANCE,,"Sept. 1 Decree respecting the placing of labour. (Journal off iciel, 6th Sep- tember, 1939, No. 211, p. 11,159) Fr. 14 (A)",,,7,,"Sept. 1 Decree respecting the placing of labour. (Journal off iciel, 6th Sep- tember, 1939, No. 211, p. 11,159) Fr. 14 (A) "
FRANCE,,"Sept. 10 Decree respecting hours of work in underground work in mines and pits. (Journal officiel, 13th September, 1939, No. 218, p. 11,362) Fr.15",,,7,,"Sept. 10 Decree respecting hours of work in underground work in mines and pits. (Journal officiel, 13th September, 1939, No. 218, p. 11,362) Fr.15 "
FRANCE,,"Sept. 15 Decree respecting the utilisation of labour. (Journal officiel, 16th September, 1939, No. 221, p. 11,513) Fr. 16",,,7,,"Sept. 15 Decree respecting the utilisation of labour. (Journal officiel, 16th September, 1939, No. 221, p. 11,513) Fr. 16 "
FRANCE,,"Sept. 26 Decree to amend section 9 of the Decree of 1st September, 1939, respecting conditions of employment [see above]. (Journal of- ficiel, 4th October, 1939, No. 239, p. 11,986) Fr. 13 (C)",,,7,,"Sept. 26 Decree to amend section 9 of the Decree of 1st September, 1939, respecting conditions of employment [see above]. (Journal of- ficiel, 4th October, 1939, No. 239, p. 11,986) Fr. 13 (C) "
FRANCE,,"Sept. 26 Decree respecting the placing of labour. (Journal of ficiel, 27th September, 1939, No. 232, p. 11,772; erratum: 19th October, 1939, No. 254, p. 12,468) Fr. 14 (B)",,,7,,"Sept. 26 Decree respecting the placing of labour. (Journal of ficiel, 27th September, 1939, No. 232, p. 11,772; erratum: 19th October, 1939, No. 254, p. 12,468) Fr. 14 (B) "
FRANCE,,"Sept. 26 Decree respecting the operation of social insurance. (Journal officiel, 27th September, 1939, No. 232, p. 11,773) Fr. 17",,,7,,"Sept. 26 Decree respecting the operation of social insurance. (Journal officiel, 27th September, 1939, No. 232, p. 11,773) Fr. 17 "
FRANCE,,"Decree to amend the conditions of employment of employees of the French National Railways Company. (Journal officiel, 9th October, 1939, No. 244, p. 12,199) Fr. 18",6.10.,1939,7,Oct. 6,"Oct. 6 Decree to amend the conditions of employment of employees of the French National Railways Company. (Journal officiel, 9th October, 1939, No. 244, p. 12,199) Fr. 18 "
FRANCE,,"Decree respecting special hygiene measures for establishments where employees are exposed to the risk of poisoining by benzol. (Journal ofuiciel, 21st October, 1939, No. 256, p. 12,520) French edition only: Fr. 20 (A)",16.10.,1939,7,Oct. 16,"Oct. 16 Decree respecting special hygiene measures for establishments where employees are exposed to the risk of poisoining by benzol. (Journal ofuiciel, 21st October, 1939, No. 256, p. 12,520) French edition only: Fr. 20 (A) "
FRANCE,,"Order to issue the list of industrial processes covered by the Decree of 16th October, 1939 [see above]. (Journal officiel, 21st October, 1939, No. 256, p. 12,520)French edition only: Fr. 20 (B)",17.10.,1939,7,Oct. 17,"Oct. 17 Order to issue the list of industrial processes covered by the Decree of 16th October, 1939 [see above]. (Journal officiel, 21st October, 1939, No. 256, p. 12,520)French edition only: Fr. 20 (B) "
FRANCE,,"Order respecting the granting of exemptions from the provisions of the Decree of 16th October, 1939 [see above]. (Journal offi- ciel, 21st October, 1939, No. 256, p. 12,521) French edition. only: Fr. 20 (C)",17.10.,1939,7,Oct. 17,"Oct. 17 Order respecting the granting of exemptions from the provisions of the Decree of 16th October, 1939 [see above]. (Journal offi- ciel, 21st October, 1939, No. 256, p. 12,521) French edition. only: Fr. 20 (C) "
FRANCE,,"Decree to issue regulations governing employment in the mer- chant marine. (Journal officiel, 24th October, 1939, No. 259, p. 12,601) Fr. 19",22.10.,1939,7,Oct. 22,"Oct. 22 Decree to issue regulations governing employment in the mer- chant marine. (Journal officiel, 24th October, 1939, No. 259, p. 12,601) Fr. 19 "
FRANCE,,"Decree to amend the Decree of 1st September, 1939, respecting conditions of employment. (Journal of ficiel, 31st October, 1939, No. 266, p. 12,755; errata: 2nd November, 1939, No. 268, p. 12,819) Fr. 21 (A)",27.10.,1939,7,Oct. 27,"Oct. 27 Decree to amend the Decree of 1st September, 1939, respecting conditions of employment. (Journal of ficiel, 31st October, 1939, No. 266, p. 12,755; errata: 2nd November, 1939, No. 268, p. 12,819) Fr. 21 (A) "
FRANCE,,"Decree to suspend for the duration of the hostilities the statutory provisions fixing public holidays. (Journal officiel, 30th October, 1939, No. 265, p. 12,747) Fr. 21 (C)",27.10.,1939,7,Oct. 27,"Oct. 27 Decree to suspend for the duration of the hostilities the statutory provisions fixing public holidays. (Journal officiel, 30th October, 1939, No. 265, p. 12,747) Fr. 21 (C) "
FRANCE,,"Decree respecting collective agreements and arbitration or um- pires' awards which have become enforceable and final. (Journal officiel, 1st November, 1939, No. 267, p. 12,787) Fr. 21 (D) Act of 17th December, 1926, Legislative Series, 1926 (Fr. 16)",27.10.,1939,7,Oct. 27,"Oct. 27 Decree respecting collective agreements and arbitration or um- pires' awards which have become enforceable and final. (Journal officiel, 1st November, 1939, No. 267, p. 12,787) Fr. 21 (D) Act of 17th December, 1926, Legislative Series, 1926 (Fr. 16). "
FRANCE,,1939—Indexes —3—,,,8,,1939—Indexes —3— 
FRANCE,,"Decree respecting conditions of employment in mines, pits and industries subsidiary thereto. (Journal officiel, 31st October, 1939, No. 266, p. 12,769) Fr. 21 (B)",30.10.,1939,8,Oct. 30,"Oct. 30 Decree respecting conditions of employment in mines, pits and industries subsidiary thereto. (Journal officiel, 31st October, 1939, No. 266, p. 12,769) Fr. 21 (B) "
FRANCE,,"Decree respecting conditions of employment for the duration of the hostilities. (Journal officiel, 16th November, 1939, No.. 282, p. 13,143; errata : 22nd November, 1939, No. 288, p. 13,298) French edition only: Fr. 22 (A)",10.11.,1939,8,Nov. 10,"Nov. 10 Decree respecting conditions of employment for the duration of the hostilities. (Journal officiel, 16th November, 1939, No.. 282, p. 13,143; errata : 22nd November, 1939, No. 288, p. 13,298) French edition only: Fr. 22 (A) "
FRANCE,,"Decree relating to the situation in relation to the social insurance system of registered seamen called to the colours. (Journal of- ficiel, 3rd December, 1939, No. 299, p. 13,637) French edition only: Fr. 23 (A)",17.11.,1939,8,Nov. 17,"Nov. 17 Decree relating to the situation in relation to the social insurance system of registered seamen called to the colours. (Journal of- ficiel, 3rd December, 1939, No. 299, p. 13,637) French edition only: Fr. 23 (A) "
FRANCE,,"Decree respecting the suspension of the contract of employment of pregnant women. (Journal officlel, 7th December, 1939, No. 303, p. 13,746) French edition only: Fr. 24",18.11.,1939,8,Nov. 18,"Nov. 18 Decree respecting the suspension of the contract of employment of pregnant women. (Journal officlel, 7th December, 1939, No. 303, p. 13,746) French edition only: Fr. 24 "
FRANCE,,"Nov. 29 Decree respecting conditions of employment for the duration of the hostilities in mines, pits and quarries and In industries sub- sidiary thereto. (Journal officiel, 2nd December, 1939, No. 298, p. 13,572; errata: 20th December, 1939, No. 316, p. 14,062) French edition only : Fr. 22 (B)",,,8,,"•Nov. 29 Decree respecting conditions of employment for the duration of the hostilities in mines, pits and quarries and In industries sub- sidiary thereto. (Journal officiel, 2nd December, 1939, No. 298, p. 13,572; errata: 20th December, 1939, No. 316, p. 14,062) French edition only : Fr. 22 (B) "
FRANCE,,"Decree to amend the Decree of 22nd October, 1939, to issue regulations governing employment in the merchant marine in wartime. (Journal officiel, 16th December, 1939, No. 312, p. 13,971) French edition only: Fr. 23 (B)",13.12.,1939,8,Dec. 13,"Dec. 13 Decree to amend the Decree of 22nd October, 1939, to issue regulations governing employment in the merchant marine in wartime. (Journal officiel, 16th December, 1939, No. 312, p. 13,971) French edition only: Fr. 23 (B) "
GERMANY,,"Order respecting the employment of young persons in mining undertakings. (Reichsgesetzblatt, 1939, Part I, p. 97) Ger. 5",20.1.,1939,8,Jan. 20,"Jan. 20 Order respecting the employment of young persons in mining undertakings. (Reichsgesetzblatt, 1939, Part I, p. 97) Ger. 5 "
GERMANY,,"Order to ensure the labour supply for work of special national importance. (Reichsgesetzblatt, 1939, Part I, p. 206) Ger. 1 (A)",13.2.,1939,8,Feb. 13,"Feb. 13 Order to ensure the labour supply for work of special national importance. (Reichsgesetzblatt, 1939, Part I, p. 206) Ger. 1 (A) "
GERMANY,,"Fifth Act to amend the law relating to accident insurance. (Reichsgesetzblatt, 1939, Part I, p. 267 and p. 552). French edition only: All. 12 (A)",17.2.,1939,8,Feb. 17,"Feb. 17 Fifth Act to amend the law relating to accident insurance. (Reichsgesetzblatt, 1939, Part I, p. 267 and p. 552). French edition only: All. 12 (A) "
GERMANY,,"First Administrative Order under the Order to ensure the labour supply for work of. special national importance (Compulsory Service Administrative Order). (Reichsgesetzblatt, 1939, Part I, p. 403) tIer. 1 (B)",2.3.,1939,8,Mar. 2,"Mar. 2 First Administrative Order under the Order to ensure the labour supply for work of. special national importance (Compulsory Service Administrative Order). (Reichsgesetzblatt, 1939, Part I, p. 403) tIer. 1 (B) "
GERMANY,,"Order to increase production and wages based on output in the mining industry. (Reichsgesetzblatt, 1939, Part I, p. 482) tIer. 3",2.3.,1939,8,Mar. 2,"Mar. 2 Order to increase production and wages based on output in the mining industry. (Reichsgesetzblatt, 1939, Part I, p. 482) tIer. 3 "
GERMANY,,"Act respecting noxious and inflammable industrial substances. 1939, Part I, p. 581) tIer. 4",25.3.,1939,8,Mar. 25,"Mar. 25 Act respecting noxious and inflammable industrial substances. 1939, Part I, p. 581) tIer. 4 "
GERMANY,,"Act to issue further measures for the abolition of emergency measures in the national insurance system. (Reichsgesetzblatt, 1939, Part I, p. 793) French edition only : All. 12 (B)",19.4.,1939,8,Apr. 19,"Apr. 19 Act to issue further measures for the abolition of emergency measures in the national insurance system. (Reichsgesetzblatt, 1939, Part I, p. 793) French edition only : All. 12 (B) "
GERMANY,,"Order to amend the First Administrative Order under the Order to ensure the labour supply for work of special national im- portance (Compulsory Service Administrative Order). (Reichs- gesetzblatt, 1939, Part I, p. 1330) tIer. 1 (E)",27.7.,1939,8,July 27,"July 27 Order to amend the First Administrative Order under the Order to ensure the labour supply for work of special national im- portance (Compulsory Service Administrative Order). (Reichs- gesetzblatt, 1939, Part I, p. 1330) tIer. 1 (E) "
GERMANY,,"Sept. 1 Order to modify and supplement certain provisions relating to labour legislation. (Relchsgesetzblatt, 1939, Part I, p. 1683) tIer. 6",,,8,,"Sept. 1 Order to modify and supplement certain provisions relating to labour legislation. (Relchsgesetzblatt, 1939, Part I, p. 1683) tIer. 6 "
GERMANY,,"Sept. 1 Order to restrict change of employment. (Reichsgesetzblatt, 1939, Part I, p. 1685) tIer. 7 (A)",,,8,,"Sept. 1 Order to restrict change of employment. (Reichsgesetzblatt, 1939, Part I, p. 1685) tIer. 7 (A) "
GERMANY,,"Sept. 4 Order respecting family relief for persons requisitioned for service. (Reichsarbeitsblatt, 1939, Part I, p. 417) tIer. 1 (F)",,,8,,"Sept. 4 Order respecting family relief for persons requisitioned for service. (Reichsarbeitsblatt, 1939, Part I, p. 417) tIer. 1 (F) "
GERMANY,,"Sept. 4 Order to issue war economic measures. (Reichsgesetzblatt, 1939, Part I, p. 1609) Extracts: tIer. 8 - 9 - 1939-Indexes",,,8,,"Sept. 4 Order to issue war economic measures. (Reichsgesetzblatt, 1939, Part I, p. 1609) Extracts: tIer. 8 - 9 - 1939-Indexes "
GERMANY,,"Scpt. 4 Order for the administration of compulsory national labour service for female young persons. (Reichsgesetzblatt, 1939, Part I, p. 1693) Ger. 9 (A)",,,9,,"Scpt. 4 Order for the administration of compulsory national labour service for female young persons. (Reichsgesetzblatt, 1939, Part I, p. 1693) Ger. 9 (A) "
GERMANY,,"Sept. 6 First Administrative Order under the Order to restrict change of employment. (Reichsgesetzblatt, 1939, Part I, p. 1690) Ger. '7 (B)",,,9,,"Sept. 6 First Administrative Order under the Order to restrict change of employment. (Reichsgesetzblatt, 1939, Part I, p. 1690) Ger. '7 (B) "
GERMANY,,"Sept. 9 Notification to issue the consolidated text of the National Labour Service Act. (Reichsgesetzblatt, 1939, Part I, p. 1747) Ger. 9 (C)",,,9,,"Sept. 9 Notification to issue the consolidated text of the National Labour Service Act. (Reichsgesetzblatt, 1939, Part I, p. 1747) Ger. 9 (C) "
GERMANY,,"Sept. 21 Order for the administration of the Order [of 4th September, 1939, see above] for the administration of compulsory national labour service for female young persons, and to supplement it. (Reichsgesetzblatt, 1939, Part I, p. 1858) Ger. 9 (D)",,,9,,"Sept. 21 Order for the administration of the Order [of 4th September, 1939, see above] for the administration of compulsory national labour service for female young persons, and to supplement it. (Reichsgesetzblatt, 1939, Part I, p. 1858) Ger. 9 (D) "
GERMANY,,"Sept. 22 Order respecting the allocation to employment of the elder pupils in schools. (Reichsgesetzblatt, 1939, Part I, p. 1867) Ger. 10",,,9,,"Sept. 22 Order respecting the allocation to employment of the elder pupils in schools. (Reichsgesetzblatt, 1939, Part I, p. 1867) Ger. 10 "
GERMANY,,"Notification of the new text of the Act respecting homework. (Reichsgesetzblatt, 1939, Part I, p. 2145) Ger. 11",30.10.,1939,9,Oct. 30,"Oct. 30 Notification of the new text of the Act respecting homework. (Reichsgesetzblatt, 1939, Part I, p. 2145) Ger. 11 "
GERMANY,,"Order to amend certain provisions of the law relating to sick- ness insurance and unemployment assistance. (Reichsgesetzblatt, 1939, Part I, p. 2414) French edition only All. 12 (C)",12.12.,1939,9,Dec. 12,"Dec. 12 Order to amend certain provisions of the law relating to sick- ness insurance and unemployment assistance. (Reichsgesetzblatt, 1939, Part I, p. 2414) French edition only All. 12 (C) "
GREAT BRITAIN,,"The Unemployment Insurance (Increase of Benefits and Re- duction in Contributions) (Agriculture) Order, 1939, made by the Minister of Labour under the Unemployment Insurance Act, 1935 (25 & 26 Geo. 5, c. 8)10. Statutory Rules and Orders, 1939, No. 406. G.E. 1 (A) French editiOn: 1940 - G.-B. 3 (G)",29.3.,1939,9,Mar. 29,"Mar. 29 The Unemployment Insurance (Increase of Benefits and Re- duction in Contributions) (Agriculture) Order, 1939, made by the Minister of Labour under the Unemployment Insurance Act, 1935 (25 & 26 Geo. 5, c. 8)10. Statutory Rules and Orders, 1939, No. 406. G.E. 1 (A) French editiOn: 1940 - G.-B. 3 (G) "
GREAT BRITAIN,,"Act to amend the Unemployment Insurance Acts, 1935 to 1938, and to provide for the payment of contributions under the National Health Insurance Act, 193611, and the Widows', Orphans' and Old Age Contributory Pensions Act, 193612, in respect of holiday periods. 2 and 3 Geo. 6, ch. 29. Unemployment Insurance Act, 1939. G.B. 1 (B) French edition: 1940 - G.B. 3 (H)",13.7.,1939,9,July 13,"July 13 Act to amend the Unemployment Insurance Acts, 1935 to 1938, and to provide for the payment of contributions under the National Health Insurance Act, 193611, and the Widows', Orphans' and Old Age Contributory Pensions Act, 193612, in respect of holiday periods. 2 and 3 Geo. 6, ch. 29. Unemployment Insurance Act, 1939. G.B. 1 (B) French edition: 1940 - G.B. 3 (H) "
GREAT BRITAIN,,"Sept. 3 An Act to make provision for securing and controlling the enlistment of men for service in the armed forces of the Crown; and for purposes connected with the matter aforesaid. 2 and 3 Geo. 6, ch. 81. National Service (Armed Forces) Act, 1939. Extracts: G.E. 3",,,9,,"Sept. 3 An Act to make provision for securing and controlling the enlistment of men for service in the armed forces of the Crown; and for purposes connected with the matter aforesaid. 2 and 3 Geo. 6, ch. 81. National Service (Armed Forces) Act, 1939. Extracts: G.E. 3 "
GREAT BRITAIN,,"Sept. 3 An Act to make provision as resects certain personal injuries sustained during the period of the present emergency. 2 and 3 Geo. 6, ch. 82. Personal Iniuries (Emergency Provisions) Act 1939. G.E. 4",,,9,,"Sept. 3 An Act to make provision as resects certain personal injuries sustained during the period of the present emergency. 2 and 3 Geo. 6, ch. 82. Personal Iniuries (Emergency Provisions) Act 1939. G.E. 4 "
GREAT BRITAIN,,"Sept. 3 An Act to amend the law relating to national health insurance as respects the period of the present emergency, and to amend the law relating to widows', orphans' and old age contributory pensions as respects that period and as respects provision against double pensions. 2 and 3 Geo. 6, ch. 84. National Health Insurance and Contributory Pensions (Emergency Provisions) Act 1939. G.E. 5",,,9,,"Sept. 3 An Act to amend the law relating to national health insurance as respects the period of the present emergency, and to amend the law relating to widows', orphans' and old age contributory pensions as respects that period and as respects provision against double pensions. 2 and 3 Geo. 6, ch. 84. National Health Insurance and Contributory Pensions (Emergency Provisions) Act 1939. G.E. 5 "
GREAT BRITAIN,,"Legislative Series, 1935 (GB. 1); amendments: 1936 (G.B. 1); 1113'i (G.B. 5); 1938 (G.B. 1)",,,9,,"'° Legislative Series, 1935 (GB. 1); amendments: 1936 (G.B. 1); 1113'i (G.B. 5); 1938 (G.B. 1). "
GREAT BRITAIN,,"11 Legislative Series, 1936 (GB. 8); amendments: 1937 (G.B. 4); 1938 (G.B. 2)",,,9,,"11 Legislative Series, 1936 (GB. 8); amendments: 1937 (G.B. 4); 1938 (G.B. 2). "
GREAT BRITAIN,,"12 Legislative Series, 1936 (GB. 5); amendments : 1937 (G.B. 1)",,,9,,"12 Legislative Series, 1936 (GB. 5); amendments : 1937 (G.B. 1). "
GREAT BRITAIN,,19:5) Indexes 10 —,,,10,,19:5) Indexes 10 — 
GREAT BRITAIN,,"Sept. 5 An Act to empower the Minister of Labour in case of war to modify or suspend the operation of any of the provisions of the Unemployment Insurance Acts, 1935 to 1939, and make provision with respect to any of the matters to which the said Acts relate, and for purposes connected with the matters aforesaid. 2 and 3 Geo. 6, ch. 92. Unemployment Insurance (Emergency Powers) Act 1939. 0.8. 6 (A)",,,10,,"Sept. 5 An Act to empower the Minister of Labour in case of war to modify or suspend the operation of any of the provisions of the Unemployment Insurance Acts, 1935 to 1939, and make provision with respect to any of the matters to which the said Acts relate, and for purposes connected with the matters aforesaid. 2 and 3 Geo. 6, ch. 92. Unemployment Insurance (Emergency Powers) Act 1939. 0.8. 6 (A) "
GREAT BRITAIN,,"Sept. 5 An Act to empower the Minister of Labour in case of war to extend the Unemployment Assistance Act, 1934 to additional classes of persons, and to modify or suspend any of the provisions of the said Act, and to make provision for the payment of allowances in an emergency. 2 and 3 Geo. 6, ch. 93. Unemploy- ment Assistance (Emergency Powers) Act, 1939. G.B. 6 (B)",,,10,,"Sept. 5 An Act to empower the Minister of Labour in case of war to extend the Unemployment Assistance Act, 1934 to additional classes of persons, and to modify or suspend any of the provisions of the said Act, and to make provision for the payment of allowances in an emergency. 2 and 3 Geo. 6, ch. 93. Unemploy- ment Assistance (Emergency Powers) Act, 1939. G.B. 6 (B) "
GREAT BRITAIN,,"Sept. 21 An Act to confer on the Minister of Labour and National Service powers with respect to the control of employment during the present emergency; and for purposes connected with the matter aforesaid. 2 and 3 Geo. 6, ch. 104. Control 01 Employment Act, 1939. G.B. 2",,,10,,"Sept. 21 An Act to confer on the Minister of Labour and National Service powers with respect to the control of employment during the present emergency; and for purposes connected with the matter aforesaid. 2 and 3 Geo. 6, ch. 104. Control 01 Employment Act, 1939. G.B. 2 "
GREAT BRITAIN DEPENDENCIES,Ceylon,"An Ordinance to make provision for the establishment of Juve- nile courts, for the supervision of juvenile offenders, for the protection of children and young persons, and for other connected purposes. No. 48 of 1939. Children and Young Persons Ordinanc2, NO. 48 0/ 1939. *Ceyl. 1",9.11.,1939,10,Nov. 9,"Nov. 9 An Ordinance to make provision for the establishment of Juve- nile courts, for the supervision of juvenile offenders, for the protection of children and young persons, and for other connected purposes. No. 48 of 1939. Children and Young Persons Ordinanc2, NO. 48 0/ 1939. *Ceyl. 1 "
GREAT BRITAIN DEPENDENCIES,Jamaica,"A Law to provide for the establishment of an arbitration tribunal and a board of enquiry in connection with trade disputes, and to make provision for the settlement of such disputes, and for the purpose of enquiring into economic and industrial conditions in the Island. No. 16 of 1939. Trade Disputes (Arbitration and Enquiry) Law, 1939. 5Jam. 1",23.3.,1939,10,Mar. 23,"Mar. 23 A Law to provide for the establishment of an arbitration tribunal and a board of enquiry in connection with trade disputes, and to make provision for the settlement of such disputes, and for the purpose of enquiring into economic and industrial conditions in the Island. No. 16 of 1939. Trade Disputes (Arbitration and Enquiry) Law, 1939. 5Jam. 1 "
GREECE,,"Act No. 2064, respecting war bonuses and other benefits granted to the crews of mechanically propelled Greek merchant vessels and laying down rules to. ensure order and discipline among the said crews. (Government Gazette, Part I, 8th November, 1939, No. 475, p. 3062) Or. 1 (A)",3.11.,1939,10,Nov. 3,"Nov. 3 Act No. 2064, respecting war bonuses and other benefits granted to the crews of mechanically propelled Greek merchant vessels and laying down rules to. ensure order and discipline among the said crews. (Government Gazette, Part I, 8th November, 1939, No. 475, p. 3062) Or. 1 (A) "
GREECE,,"Act No. 2116, respecting the insurance against war risks of the crews of mechanically propelled Greek merchant vessels. (op. cit. Part I, 30th November, 1939, No. 517, p. 3369) Or. 1 (B)",28.11.,1939,10,Nov. 28,"Nov. 28 Act No. 2116, respecting the insurance against war risks of the crews of mechanically propelled Greek merchant vessels. (op. cit. Part I, 30th November, 1939, No. 517, p. 3369) Or. 1 (B) "
HUNGARY,,"Order No. 133,333/1939 of the Minister of Agriculture, to specify further occupational diseases giving a right to accident com- pensation in pursuance of Act No. XVI of 190014 and the legislative provisions to amend and supplement it. (Budapesti KOzlOny, 10th August', 1939, No. 180) Hung. 4",4.8.,1939,10,Aug. 4,"Aug. 4 Order No. 133,333/1939 of the Minister of Agriculture, to specify further occupational diseases giving a right to accident com- pensation in pursuance of Act No. XVI of 190014 and the legislative provisions to amend and supplement it. (Budapesti KOzlOny, 10th August', 1939, No. 180) Hung. 4 "
HUNGARY,,"Sept. 2 Order No. 12,116/1939 of the Council of Ministers, to provide for the temporary suspension of certain provisions relating to the conditions of employment of persons employed in industry (including mining and the metallurgical and mrtalwcrking industries) and in commerce. (Budapesti Kdzlony, 2nd Septem- ber, 1939, No. 199) Ilu:ig. 5",,,10,,"Sept. 2 Order No. 12,116/1939 of the Council of Ministers, to provide for the temporary suspension of certain provisions relating to the conditions of employment of persons employed in industry (including mining and the metallurgical and mrtalwcrking industries) and in commerce. (Budapesti Kdzlony, 2nd Septem- ber, 1939, No. 199) Ilu:ig. 5 "
HUNGARY,,13 Legislative Series. 1934 (GB. 3). — 11 — 1939— Indexes,,,10,,13 Legislative Series. 1934 (GB. 3). — 11 — 1939— Indexes 
HUNGARY,,"Order No. 9300/1939 of the Council of Ministers, to issue regu- lations governing compulsory work for purposes of national defence. (Budapesti Kozlöny, 6th October, 1939, No. 227) Hung. 6",5.10.,1939,11,Oct. 5,"Oct. 5 Order No. 9300/1939 of the Council of Ministers, to issue regu- lations governing compulsory work for purposes of national defence. (Budapesti Kozlöny, 6th October, 1939, No. 227) Hung. 6 "
HUNGARY,,"Order No. 81,521/1939 of the Minister of Commerce and Com- munications, to provide for the administration of the statutory provisions respecting the marking of the weight on heavy packages transported by vessels"". (Budapesti Közlöny, 18th November, 1939, No. 261) flung. 1",16.11.,1939,11,Nov. 16,"Nov. 16 Order No. 81,521/1939 of the Minister of Commerce and Com- munications, to provide for the administration of the statutory provisions respecting the marking of the weight on heavy packages transported by vessels"". (Budapesti Közlöny, 18th November, 1939, No. 261) flung. 1 "
LNDIA BRITISH,,"An Act further to amend the Workmen's Compensation Act, 192316, for a certain purpose. No. XIII of 1939. *1w!. 2 (A)",28.3.,1939,11,Mar. 28,"Mar. 28 An Act further to amend the Workmen's Compensation Act, 192316, for a certain purpose. No. XIII of 1939. *1w!. 2 (A) "
LNDIA BRITISH,,"An Act to amend the Employment of Children Act, 19381z. No. XV of 1939. *Ind 3",8.4.,1939,11,Apr. 8,"Apr. 8 An Act to amend the Employment of Children Act, 19381z. No. XV of 1939. *Ind 3 "
LNDIA BRITISH,,"Sept. 29 An Act further to amend the Workmen's Compensation Act, 192316, for a certain purpose. No. XLII of 1939. *Jnd. 2 (B)",,,11,,"Sept. 29 An Act further to amend the Workmen's Compensation Act, 192316, for a certain purpose. No. XLII of 1939. *Jnd. 2 (B) "
Bombay PROVINCES,,"An Act to make provision for the promotion of peaceful and amicable settlement of industrial disputes by conciliation and arbit'ration and for certain other purposes. Bombay Act No. XXV of 1938. Bombay Industrial Disputes Act, 1938. *Ind. 1",13.2.,1939,11,Feb. 13,"Feb. 13 An Act to make provision for the promotion of peaceful and amicable settlement of industrial disputes by conciliation and arbit'ration and for certain other purposes. Bombay Act No. XXV of 1938. Bombay Industrial Disputes Act, 1938. *Ind. 1 "
IRELAND,,"An Act' to make provision for the allowance of holidays to certain employed persons, and to provide for certain other matters con- nected with the matters aforesaid. No. 1 of 1939. Holidays (Em- ployees) Act, 1939. Ire. 1",17.2.,1939,11,Feb. 17,"Feb. 17 An Act' to make provision for the allowance of holidays to certain employed persons, and to provide for certain other matters con- nected with the matters aforesaid. No. 1 of 1939. Holidays (Em- ployees) Act, 1939. Ire. 1 "
ITALY,,"Legislative Decree No. 636, to amend the provisions respecting compulsory insurance against invalidity and old age, tuberculosis and involuntary unemployment. (Gazzetta Ufficiale, 3rd May, 1939, No. 105, p. 2090) It. 1",14.4.,1939,11,Apr. 14,"Apr. 14 Legislative Decree No. 636, to amend the provisions respecting compulsory insurance against invalidity and old age, tuberculosis and involuntary unemployment. (Gazzetta Ufficiale, 3rd May, 1939, No. 105, p. 2090) It. 1 "
ITALY,,"Act No. 1012, to amend Royal Decree No. 1765 of 17th August, 1935 (XIII), to issue provisions respecting compulsory insurance against industrial accidents and occupational diseases'6. (Gazzetta Ufficiale, 24th July, 1939, No. 171, p. 3338) It. 3 (A)",1.6.,1939,11,June 1,"June 1 Act No. 1012, to amend Royal Decree No. 1765 of 17th August, 1935 (XIII), to issue provisions respecting compulsory insurance against industrial accidents and occupational diseases'6. (Gazzetta Ufficiale, 24th July, 1939, No. 171, p. 3338) It. 3 (A) "
ITALY,,"Act No. 1272, to convert into an Act, and make certain amend- ments in, Legislative Decree No. 636 of 14th April, 1939 (XVII), respecting compulsory insurance against invalidity and old age, tuberculosis and involuntary unemployment. (Gazzetta Ufficiale, 7th September, 1939, No. 209, p. 4299) It. 2",6.7.,1939,11,July 6,"July 6 Act No. 1272, to convert into an Act, and make certain amend- ments in, Legislative Decree No. 636 of 14th April, 1939 (XVII), respecting compulsory insurance against invalidity and old age, tuberculosis and involuntary unemployment. (Gazzetta Ufficiale, 7th September, 1939, No. 209, p. 4299) It. 2 "
LAT VIA,,"Act respecting insurance against accidents and occupational diseases. (Valdibas Vestnesic, 26th April, 1939; Likumu un Ministru Kabineta noteikumu krajums, 5th May, 1939, No. 11, chapter 61, p. 215) Lat. 1 N Act of 3rd July, 1900, respecting the Mutual Benefit Fund for agricultural workers and farm servants (Orszâgos 7th July, 1900; Tor- vények Gyjijteménye, 1900, p. 193). Legislative Series, 1937 (Hung. 2). Legislative Series, 1923 (Ind. 1); amendments: 1926 (Ind. 3); 1929 (Ind. 3); 1933 (Ind. 2); 1937 (Ind. 4); 1938 (Ind. 2)",25.4.,1939,11,Apr. 25,"Apr. 25 Act respecting insurance against accidents and occupational diseases. (Valdibas Vestnesic, 26th April, 1939; Likumu un Ministru Kabineta noteikumu krajums, 5th May, 1939, No. 11, chapter 61, p. 215) Lat. 1 N Act of 3rd July, 1900, respecting the Mutual Benefit Fund for agricultural workers and farm servants (Orszâgos 7th July, 1900; Tor- vények Gyjijteménye, 1900, p. 193). Legislative Series, 1937 (Hung. 2). Legislative Series, 1923 (Ind. 1); amendments: 1926 (Ind. 3); 1929 (Ind. 3); 1933 (Ind. 2); 1937 (Ind. 4); 1938 (Ind. 2). "
LAT VIA,,"11 Legislative Series, 1938 (Ind. 5). Legislative Series, 1935 (It. 8); amendments: 1936 8)",,,11,,"11 Legislative Series, 1938 (Ind. 5). Legislative Series, 1935 (It. 8); amendments: 1936 8). "
LAT VIA,,1939—Indexes — 12—,,,12,,1939—Indexes — 12— 
LUXEMBURG,,"Order to regulate the use of petrol for industrial purposes. (Me- morial, 1st April, 1939, No. 24, P. 239) French edition only: Lux. 2",29.3.,1939,12,Mar. 29,"Mar. 29 Order to regulate the use of petrol for industrial purposes. (Me- morial, 1st April, 1939, No. 24, P. 239) French edition only: Lux. 2 "
LUXEMBURG,,"Order respecting the limitation of hours of work. (Memorial, 21st October, 1939, No. 79, p. 999) French edition only : Lux. 3",16.10.,1939,12,Oct. 16,"Oct. 16° Order respecting the limitation of hours of work. (Memorial, 21st October, 1939, No. 79, p. 999) French edition only : Lux. 3 "
MOROCCO FRENCH PROTECTORATE OF,,"Sept. 9 Decree to modify the Decree of 18th December, 1930, to intro- duce a weekly rest day19. (Bulletin officiel du Protectorat de Ia Republique francaise au Maroc, 10th September, 1939, No. l4O2bis, p. 1426) Mor. 2 (A)",,,12,,"Sept. 9 Decree to modify the Decree of 18th December, 1930, to intro- duce a weekly rest day19. (Bulletin officiel du Protectorat de Ia Republique francaise au Maroc, 10th September, 1939, No. l4O2bis, p. 1426) Mor. 2 (A) "
MOROCCO FRENCH PROTECTORATE OF,,"Sept. 23 Decree to modify the Decree of 18th June, 1936, to issue regula— respecting hours of work2°. (Bulletin officiel du Protectorat de la Republique francaise au Maroc, 29th September, 1939, No. 1405, p. 1512) Mor. 2 (B)",,,12,,"Sept. 23 Decree to modify the Decree of 18th June, 1936, to issue regula— respecting hours of work2°. (Bulletin officiel du Protectorat de la Republique francaise au Maroc, 29th September, 1939, No. 1405, p. 1512) Mor. 2 (B) "
NETHERLANDS,,"Decree to issue public administrative regulations under section 16 of the Safety Act, Safety (White Lead) Decree. (Staats- blad, 1939, No. 865) Neth. 4",8.8.,1939,12,Aug. 8,"Aug. 8 Decree to issue public administrative regulations under section 16 of the Safety Act, Safety (White Lead) Decree. (Staats- blad, 1939, No. 865) Neth. 4 "
NETHERLANDS,,"Act to issue statutory regulations with respect to family allowance insurance (Family Allowances Act). (Staatsblad°, 1939, No. 806) Neth.7",23.12.,1939,12,Dec. 23,"Dec. 23 Act to issue statutory regulations with respect to family allowance insurance (Family Allowances Act). (Staatsblad°, 1939, No. 806) Neth.7 "
NEW ZEALAND,,"Order in Council pursuant to the Emergency Regulations Act, 1939, to make the Strike and Lockout Emergency Regulations 1939. Stututory Regulations, Serial number 1939/204. N. Z. 1",4.10.,1939,12,Oct. 4,"Oct. 4 Order in Council pursuant to the Emergency Regulations Act, 1939, to make the Strike and Lockout Emergency Regulations 1939. Stututory Regulations, Serial number 1939/204. N. Z. 1 "
NORWAY,,"Act respecting hours of work on board ship, (Norsk Lovtidend, Part I, 15th March, 1939, No. 10, p. 263; Part II, p. 128) Nor. 1",10.3.,1939,12,Mar. 10,"Mar. 10 Act respecting hours of work on board ship, (Norsk Lovtidend, Part I, 15th March, 1939, No. 10, p. 263; Part II, p. 128) Nor. 1 "
NORWAY,,"Act to amend the Act of 15th February, 1918, respecting industrial homework, and the Acts to supplement it22. (Norsk Lovtidend, Part I, 24th May, 1939, No. 19, p. 496; Part II, p. 280) Nor. 3 4",20.5.,1939,12,May 20,"May 20 Act to amend the Act of 15th February, 1918, respecting industrial homework, and the Acts to supplement it22. (Norsk Lovtidend, Part I, 24th May, 1939, No. 19, p. 496; Part II, p. 280) Nor. 3 4 "
NORWAY,,"Act to amend the Seaworthiness Act. (Norsk Lovtid°end, Part I, 14th June, 1939, No. 22, p. 582; Part II, p. 355) Nor. 2 (A)",9.6.,1939,12,June 9,"June 9 Act to amend the Seaworthiness Act. (Norsk Lovtid°end, Part I, 14th June, 1939, No. 22, p. 582; Part II, p. 355) Nor. 2 (A) "
NORWAY,,"Act to amend the Seamen's Act23. (Norsk Lovtidend, Part I, 22nd June, 1939, No. 23, p. 620; Part II, p. 380) Nor. 2 (B)",16.6.,1939,12,June 16,"June 16 Act to amend the Seamen's Act23. (Norsk Lovtidend, Part I, 22nd June, 1939, No. 23, p. 620; Part II, p. 380) Nor. 2 (B) "
RUMANIA,,"Act respecting the of public employees and salaried or wage-earning employees who are called to the colours. (Moni- torul Oficial, 8th May, 1939, No. 105, P. 2892) Rum. 4",6.5.,1939,12,May 6,"May 6 Act respecting the of public employees and salaried or wage-earning employees who are called to the colours. (Moni- torul Oficial, 8th May, 1939, No. 105, P. 2892) Rum. 4 "
RUMANIA,,"Order of the of Ministers to amend the legislation relat- ing to hours of work. (Monitorul Oficial, 19th October, 1939, No. 242, p. 5884) Rum. 2",14.10.,1939,12,Oct. 14,"Oct. 14 Order of the of Ministers to amend the legislation relat- ing to hours of work. (Monitorul Oficial, 19th October, 1939, No. 242, p. 5884) Rum. 2 "
RUMANIA,,"30 Legislative Series, 1930' (Mor. 4); amendment : 1937 (Mor. 4)",,,12,,"30 Legislative Series, 1930' (Mor. 4); amendment : 1937 (Mor. 4). "
RUMANIA,,"20 Legislative Series, (Mor. 1); amendment : 1937 (Mor. 2). Legislative Series, 1il34 (Neth. 2). Bulletin of the Labour Office (Basle), Vol. XIII, 1918, p. 55; Legislative Series, /1923 (Nor. 4); 1928 (Nor. 1); 1933 (Indexes, P. 113)",,,12,,"20 Legislative Series, (Mor. 1); amendment : 1937 (Mor. 2). Legislative Series, 1il34 (Neth. 2). Bulletin of the Labour Office (Basle), Vol. XIII, 1918, p. 55; Legislative Series, /1923 (Nor. 4); 1928 (Nor. 1); 1933 (Indexes, P. 113) "
RUMANIA,,23 Legislative Seriesç 1923 (Nor. 1); amendments: 1931 (Nor. 2); 1935 (Nor. 2). K — 13 — 1039—Indexes,,,12,,23 Legislative Seriesç 1923 (Nor. 1); amendments: 1931 (Nor. 2); 1935 (Nor. 2). K — 13 — 1039—Indexes 
RUMANIA,,"Legislative Decree respecting the fixing of minimum wages in commercial and industrial undertakings and in private transport undertakings. (Monitorul Oficial, 1st November, 1939, No. 253, p. 6082) Rum. 1",30.10.,1939,13,Oct. 30,"Oct. 30 Legislative Decree respecting the fixing of minimum wages in commercial and industrial undertakings and in private transport undertakings. (Monitorul Oficial, 1st November, 1939, No. 253, p. 6082) Rum. 1 "
SPAIN,,"Decree of the Ministry for Trade Union Organisation and Action respecting the liability of the worker for faults committed in the course of his work and more especially for a wilful decrease in his output. (Boletfn Oficial del Estado, 13th January, 1939, No. 13, p.232) Sp.1",5.1.,1939,13,Jan. 5,"Jan. 5 Decree of the Ministry for Trade Union Organisation and Action respecting the liability of the worker for faults committed in the course of his work and more especially for a wilful decrease in his output. (Boletfn Oficial del Estado, 13th January, 1939, No. 13, p.232) Sp.1 "
SPAIN,,"Sept. 1 Act to replace the accumulation System for workers' pensions by the fixed pension system, to increase the present rates of pen- sions and to convert the funds collaborating with the National Provident Institution into branch offices. (Boletin Oficial del Estado, 9th september, 1939, No. 252, p. 5017) Sp. 3",,,13,,"Sept. 1 Act to replace the accumulation System for workers' pensions by the fixed pension system, to increase the present rates of pen- sions and to convert the funds collaborating with the National Provident Institution into branch offices. (Boletin Oficial del Estado, 9th september, 1939, No. 252, p. 5017) Sp. 3 "
SPAIN,,"Sept. 23 Order of the Ministry of Labour to make apprenticeship compul- sory for workers under twenty years of age and to lay down rules for their registration with the employment exchanges. (Boletin Oficial del Estado, 3rd October, 1939, No. 276, p. 5540) Sp. 2",,,13,,"Sept. 23 Order of the Ministry of Labour to make apprenticeship compul- sory for workers under twenty years of age and to lay down rules for their registration with the employment exchanges. (Boletin Oficial del Estado, 3rd October, 1939, No. 276, p. 5540) Sp. 2 "
SPAIN,,"Act respecting the organization of the National Labour Inspecto- rate. (Boletin Oficial del Estado, 29th December, 1939, No. 363, p. 7344) Sp. 4",15.12.,1939,13,Dec. 15,"Dec. 15 Act respecting the organization of the National Labour Inspecto- rate. (Boletin Oficial del Estado, 29th December, 1939, No. 363, p. 7344) Sp. 4 "
SWEDEN,,"Act to amend section 35 of Act No. 235 of 17th June, 1916, respecting insurance against industrial accidents24. No. 69. (Svensk författnlngssamling, 1939, p. 156) Swe. 1 (A)",10.3.,1939,13,Mar. 10,"Mar. 10 Act to amend section 35 of Act No. 235 of 17th June, 1916, respecting insurance against industrial accidents24. No. 69. (Svensk författnlngssamling, 1939, p. 156) Swe. 1 (A) "
SWEDEN,,"Act concerning hours of work in agriculture. No. 255. (Svensk fdrfattningssamling, 1939, p. 527) Swe. 2-5",15.6.,1939,13,June 15,"June 15 Act concerning hours of work in agriculture. No. 255. (Svensk fdrfattningssamling, 1939, p. 527) Swe. 2-5 "
SWEDEN,,"Act to prohibit the dismissal of emplcYyees on account of service in the defence forces. No. 727. (Svensk forfattningssamling, 1939, p. 1889) Swe. 6",14.10.,1939,13,Oct. 14,"Oct. 14 Act to prohibit the dismissal of emplcYyees on account of service in the defence forces. No. 727. (Svensk forfattningssamling, 1939, p. 1889) Swe. 6 "
SWEDEN,,"Act to amend 1 of Act No. 235 of 17th June, 1916, re- specting insurance against industrial accidents24. No. 818. (Svensk fdrfattningssamling, 1939, p. 20S9) Swe. 1 (B)",17.11.,1939,13,Nov. 17,"Nov. 17 Act to amend 1 of Act No. 235 of 17th June, 1916, re- specting insurance against industrial accidents24. No. 818. (Svensk fdrfattningssamling, 1939, p. 20S9) Swe. 1 (B) "
SWEDEN,,"Act to amend sections 2-4 of the Act of 11th June, 1937 (No. 348), respecting war insurance for persons employed on board vessels25. No. 854. (Svensk forfattningssamling, 1939, p. 2133) *Swe 7",15.12.,1939,13,Dec. 15,"Dec. 15 Act to amend sections 2-4 of the Act of 11th June, 1937 (No. 348), respecting war insurance for persons employed on board vessels25. No. 854. (Svensk forfattningssamling, 1939, p. 2133) *Swe 7 "
SWEDEN,,"Act respecting liability to service. No. 934. (Svensk fdrfattnings- samling, 1939, p. 2285) Swe. 8 (A)",30.12.,1939,13,Dec. 30,"Dec. 30 Act respecting liability to service. No. 934. (Svensk fdrfattnings- samling, 1939, p. 2285) Swe. 8 (A) "
SWEDEN,,"Act to extend in certain cases the application of the Act (No. 245) of 28th May, 1920, respecting conciliation in labour disputes24. No. 935. (Svensk farfattningssamling, 1939, p. 2295) Swe. 8 (B)",30.12.,1939,13,Dec. 30,"Dec. 30 Act to extend in certain cases the application of the Act (No. 245) of 28th May, 1920, respecting conciliation in labour disputes24. No. 935. (Svensk farfattningssamling, 1939, p. 2295) Swe. 8 (B) "
SWITZERLAND,,"Sept. 2 Order respecting compulsory labour service. (Eidgenossische Gesetzsammlung, 7th September. 1929, No. 37, p. 837; Recueil des lois fédérales, 7th September, 1939, No. 37, p. 845) Switz. 1",,,13,,"Sept. 2 Order respecting compulsory labour service. (Eidgenossische Gesetzsammlung, 7th September. 1929, No. 37, p. 837; Recueil des lois fédérales, 7th September, 1939, No. 37, p. 845) Switz. 1 "
SWITZERLAND,,"24 consolidated text : Legislative Series, 1922 (Swe. 2); amendments: 1924 (Swe. 1, A); 1926 (Swe. 5, A); 1928 (Swe. 1); 1933 (Swe. 1); 1936 (Swe. 5); 1937 (Swe. 9). Legislative Series, 1937 (Swe. 4)",,,13,,"24 consolidated text : Legislative Series, 1922 (Swe. 2); amendments: 1924 (Swe. 1, A); 1926 (Swe. 5, A); 1928 (Swe. 1); 1933 (Swe. 1); 1936 (Swe. 5); 1937 (Swe. 9). Legislative Series, 1937 (Swe. 4). "
SWITZERLAND,,"26 Legislative Series, 1920 (Swe. 6); amendments : 1931 (Swe. 4); 1935 (Swe. 4); 1936 (Swe. 7, A)",,,13,,"26 Legislative Series, 1920 (Swe. 6); amendments : 1931 (Swe. 4); 1935 (Swe. 4); 1936 (Swe. 7, A). "
SWITZERLAND,,1939— Iiidexes — 14 Dec. 20 Order of the Federal Council to issue provisional regulations,,,14,,1939— Iiidexes — 14 Dec. 20 Order of the Federal Council to issue provisional regulations 
SWITZERLAND,,respecting the payment of allowances for loss of wages to work-,,,14,,respecting the payment of allowances for loss of wages to work- 
SWITZERLAND,,ers performing active military service. (Eidgenossische Gesetz-,,,14,,ers performing active military service. (Eidgenossische Gesetz- 
SWITZERLAND,,"sammlung or Recueil des lois fédérales, 20th December, 1939, No",,,14,,"sammlung or Recueil des lois fédérales, 20th December, 1939, No. "
SWITZERLAND,,"52, p. 1552) Switz. 3",,,14,,"52, p. 1552) Switz. 3 "
UNITED STATES OF AMERICA,,two hundred tons gross registered tonnage from the provisions of,,,14,,two hundred tons gross registered tonnage from the provisions of 
UNITED STATES OF AMERICA,,"fficers' Competency Certificates Convention, 1936 (being",9.9.,1939,14,the O,"the Officers' Competency Certificates Convention, 1936 (being "
UNITED STATES OF AMERICA,,International Labor Conference Treaty Convention Numbered 53,,,14,,"International Labor Conference Treaty Convention Numbered 53, "
UNITED STATES OF AMERICA,,adopted by the International Labor Conference at Geneva in,,,14,,adopted by the International Labor Conference at Geneva in 
UNITED STATES OF AMERICA,,1936). Public — No. 16 — Seventy-sixth Congress. Chapter 26 —,,,14,,1936). Public — No. 16 — Seventy-sixth Congress. Chapter 26 — 
UNITED STATES OF AMERICA,,"First Session. U.S.A. 1 Aug. 10 An Act to amend the Social Security Act27, and for other",,,14,,"First Session. U.S.A. 1 Aug. 10 An Act to amend the Social Security Act27, and for other "
UNITED STATES OF AMERICA,,poses. Public — No. 379 — Seventy-sixth Congress. Chapter 666 —,,,14,,poses. Public — No. 379 — Seventy-sixth Congress. Chapter 666 — 
UNITED STATES OF AMERICA,,First Session. *Consoljdated text: U.S.A. 2,,,14,,First Session. *Consoljdated text: U.S.A. 2 
URUGUAY,,"r foundering of the vessel. (Diario Oficial, 25th May, 1939",9.9.,1939,14,loss o,"loss or foundering of the vessel. (Diario Oficial, 25th May, 1939, "
URUGUAY,,"No. 9815, p. 317 — A; Registro Nacional de Leyes, 1939, p. 393) Ur.1 (B) LAWS AND ORDERS OF YEARS PREVIOUS TO 1939, REPRODUCED IN CONNECTION WITH LAWS AND ORDERS OF 1939 WHICH ARE PUBLISHED IN THE LEGISLATIVE",,,14,,"No. 9815, p. 317 — A; Registro Nacional de Leyes, 1939, p. 393) Ur.1 (B) LAWS AND ORDERS OF YEARS PREVIOUS TO 1939, REPRODUCED IN CONNECTION WITH LAWS AND ORDERS OF 1939 WHICH ARE PUBLISHED IN THE LEGISLATIVE "
